模块,任务名称,目标完成日,状态,是否逾期,备注
美容院,自动预约提醒,2025-06-19,⏳ 未完成,,
美容院,自动回访表单,2025-06-20,⏳ 未完成,,
美容院,自动疗程推荐,2025-06-21,⏳ 未完成,,
美容院,自动员工绩效,2025-06-22,⏳ 未完成,,
美容院,自动复购提醒,2025-06-23,⏳ 未完成,,
美容院,自动推疗建议,2025-06-24,⏳ 未完成,,
美容院,顾客疗效追踪,2025-06-25,⏳ 未完成,,
Miracore,体验流程上线,2025-06-19,⏳ 未完成,,
Miracore,续费提醒自动化,2025-06-20,⏳ 未完成,,
Miracore,客户归档系统,2025-06-21,⏳ 未完成,,
Miracore,AI回访设置,2025-06-22,⏳ 未完成,,
Miracore,每日追踪 + 图卡同步,2025-06-23,⏳ 未完成,,
Miracore,能量语推送机制,2025-06-24,⏳ 未完成,,
Miracore,愿望显化进度追踪,2025-06-25,⏳ 未完成,,
命理顾客任务,自动发报告流程,2025-06-19,⏳ 未完成,,
命理顾客任务,自动复购提醒,2025-06-20,⏳ 未完成,,
命理顾客任务,客户归档 + 标签分类,2025-06-21,⏳ 未完成,,
命理顾客任务,幸运日提醒系统,2025-06-22,⏳ 未完成,,
命理顾客任务,流年运势归档,2025-06-23,⏳ 未完成,,
命理顾客任务,命理咨询付款追踪,2025-06-24,⏳ 未完成,,
命理顾客任务,自动PDF生成,2025-06-25,⏳ 未完成,,
AI总管家,Bot创建 + 群接入,2025-06-19,⏳ 未完成,,
AI总管家,语音问答API配置,2025-06-20,⏳ 未完成,,
AI总管家,自动发送Telegram任务,2025-06-21,⏳ 未完成,,
AI总管家,每日提醒模块分类,2025-06-22,⏳ 未完成,,
AI总管家,数据整合 → 三系统归档,2025-06-23,⏳ 未完成,,
AI总管家,异常提醒系统,2025-06-24,⏳ 未完成,,
AI总管家,人格风格设定 → Miracore,2025-06-25,⏳ 未完成,,
素食减脂App,食谱分类模块 → 内容制作,2025-06-19,⏳ 未完成,,
素食减脂App,食谱委托法 → 教学制作,2025-06-20,⏳ 未完成,,
素食减脂App,外食建议模块,2025-06-21,⏳ 未完成,,
素食减脂App,AI陪伴模块 → 打卡日报,2025-06-22,⏳ 未完成,,
素食减脂App,AI回访机制,2025-06-23,⏳ 未完成,,
素食减脂App,心情陪伴功能,2025-06-24,⏳ 未完成,,
素食减脂App,游戏化挑战模块,2025-06-25,⏳ 未完成,,
素食减脂App,运动游戏模块,2025-06-19,⏳ 未完成,,
素食减脂App,社群传播机制,2025-06-20,⏳ 未完成,,
素食减脂App,推荐好友系统,2025-06-21,⏳ 未完成,,
素食减脂App,变现机制设计,2025-06-22,⏳ 未完成,,
素食减脂App,App工具选型整合,2025-06-23,⏳ 未完成,,
素食减脂App,MVP 原型部署,2025-06-24,⏳ 未完成,,
素食减脂App,7天打卡机制,2025-06-25,⏳ 未完成,,
政府补贴,补贴计划书 v2 优化提交,2025-06-19,⏳ 未完成,,
政府补贴,补贴预算表 v1 完成,2025-06-20,⏳ 未完成,,
政府补贴,政府申请资料归档,2025-06-21,⏳ 未完成,,
政府补贴,投资回报率分析,2025-06-22,⏳ 未完成,,
政府补贴,补贴流程表制作,2025-06-23,⏳ 未完成,,
政府补贴,补贴接口联动 Miracore,2025-06-24,⏳ 未完成,,
政府补贴,补贴计划进度提醒系统,2025-06-25,⏳ 未完成,,
